{
    "now": "2022-02-24T13:42:08.076Z",
    "perfNow": 10660072.900000095,
    "diagnosticCorrelation": "e0a5b5ac-8e9e-443c-981f-eb250b82ee9d",
    "source": "DownloadSupportFiles",
    "environment": {
        "productName": "adf",
        "buildVersion": "1.0.022122.10",
        "environmentType": 3,
        "resourceName": "training1-adf",
        "resourceRegion": "centralus",
        "resourceGroup": "ADFTraining",
        "subscriptionId": "37f95425-664e-4bbb-bf1f-98bcc300ee1d",
        "sessionId": "aUyp2",
        "operationId": "zSFoh",
        "gitType": "GitHub"
    },
    "additionalInfo": {
        "selectedResource": "ArchiveFolder",
        "selectedResourceType": "pipeline"
    }
}