{
    "now": "2022-02-24T13:42:17.765Z",
    "perfNow": 10669762.300000072,
    "diagnosticCorrelation": "68a08bd5-f906-4fb4-bfd5-da95510471d7",
    "source": "DownloadSupportFiles",
    "environment": {
        "productName": "adf",
        "buildVersion": "1.0.022122.10",
        "environmentType": 3,
        "resourceName": "training1-adf",
        "resourceRegion": "centralus",
        "resourceGroup": "ADFTraining",
        "subscriptionId": "37f95425-664e-4bbb-bf1f-98bcc300ee1d",
        "sessionId": "aUyp2",
        "operationId": "zSFoh",
        "gitType": "GitHub"
    },
    "additionalInfo": {
        "selectedResource": "LoadMultipleFilesIndbArchive",
        "selectedResourceType": "pipeline"
    }
}