{
    "now": "2022-02-24T13:44:01.420Z",
    "perfNow": 10773416.700000048,
    "diagnosticCorrelation": "178b9e26-c256-46e9-a24d-7c0bfebd7441",
    "source": "DownloadSupportFiles",
    "environment": {
        "productName": "adf",
        "buildVersion": "1.0.022122.10",
        "environmentType": 3,
        "resourceName": "training1-adf",
        "resourceRegion": "centralus",
        "resourceGroup": "ADFTraining",
        "subscriptionId": "37f95425-664e-4bbb-bf1f-98bcc300ee1d",
        "sessionId": "aUyp2",
        "operationId": "zSFoh",
        "gitType": "GitHub"
    },
    "additionalInfo": {
        "selectedResource": "Data Load Table To Table",
        "selectedResourceType": "pipeline"
    }
}