{
    "name": "ds_source",
    "properties": {
        "linkedServiceName": {
            "referenceName": "AzureBlobStorageacc",
            "type": "LinkedServiceReference"
        },
        "parameters": {
            "FileName": {
                "type": "string"
            }
        },
        "annotations": [],
        "type": "DelimitedText",
        "typeProperties": {
            "location": {
                "type": "AzureBlobStorageLocation",
                "fileName": {
                    "value": "@dataset().FileName",
                    "type": "Expression"
                },
                "container": "fileinput"
            },
            "columnDelimiter": ",",
            "escapeChar": "\\",
            "firstRowAsHeader": true,
            "quoteChar": "\""
        },
        "schema": []
    }
}