{
    "name": "ds_sqldb",
    "properties": {
        "linkedServiceName": {
            "referenceName": "ls_azuredb",
            "type": "LinkedServiceReference"
        },
        "parameters": {
            "TableName": {
                "type": "string"
            }
        },
        "annotations": [],
        "type": "AzureSqlTable",
        "schema": [],
        "typeProperties": {
            "table": {
                "value": "@dataset().TableName",
                "type": "Expression"
            }
        }
    }
}