{
    "now": "2022-02-25T13:41:05.767Z",
    "perfNow": 12031543,
    "diagnosticCorrelation": "219713ea-5de5-44af-96dd-334073c59738",
    "source": "DownloadSupportFiles",
    "environment": {
        "productName": "adf",
        "buildVersion": "1.0.022422.1",
        "environmentType": 3,
        "resourceName": "SCI-Training-DataFactory",
        "resourceRegion": "eastus2",
        "resourceGroup": "ADFTraining",
        "subscriptionId": "37f95425-664e-4bbb-bf1f-98bcc300ee1d",
        "sessionId": "ArprZ",
        "operationId": "lTZ6Y",
        "gitType": "live"
    },
    "additionalInfo": {
        "selectedResource": "pl_LoadMultipleTable",
        "selectedResourceType": "pipeline"
    }
}