{
    "name": "ds_destination",
    "properties": {
        "linkedServiceName": {
            "referenceName": "AzureSqlDatabase1",
            "type": "LinkedServiceReference"
        },
        "annotations": [],
        "type": "AzureSqlTable",
        "schema": [
            {
                "name": "id",
                "type": "int",
                "precision": 10
            },
            {
                "name": "name",
                "type": "varchar"
            }
        ],
        "typeProperties": {
            "schema": "dbo",
            "table": "SalesDestination"
        }
    }
}